date,available_on,workload,pool,unit,value
2026-03-09,2026-03-09,web-service,web-workers,requests/s,9300
2026-03-10,2026-03-10,web-service,web-workers,requests/s,8900
2026-03-11,2026-03-11,web-service,web-workers,requests/s,8700
2026-03-12,2026-03-12,web-service,web-workers,requests/s,8500
2026-03-13,2026-03-13,web-service,web-workers,requests/s,8300
2026-03-14,2026-03-14,web-service,web-workers,requests/s,6300
2026-03-15,2026-03-15,web-service,web-workers,requests/s,5800
2026-03-16,2026-03-16,web-service,web-workers,requests/s,9380
2026-03-17,2026-03-17,web-service,web-workers,requests/s,8980
2026-03-18,2026-03-18,web-service,web-workers,requests/s,8780
2026-03-19,2026-03-19,web-service,web-workers,requests/s,8580
2026-03-20,2026-03-20,web-service,web-workers,requests/s,8380
2026-03-21,2026-03-21,web-service,web-workers,requests/s,6380
2026-03-22,2026-03-22,web-service,web-workers,requests/s,5880
2026-03-23,2026-03-23,web-service,web-workers,requests/s,9340
2026-03-24,2026-03-24,web-service,web-workers,requests/s,8940
2026-03-25,2026-03-25,web-service,web-workers,requests/s,8740
2026-03-26,2026-03-26,web-service,web-workers,requests/s,8540
2026-03-27,2026-03-27,web-service,web-workers,requests/s,8340
2026-03-28,2026-03-28,web-service,web-workers,requests/s,6340
2026-03-29,2026-03-29,web-service,web-workers,requests/s,5840
2026-03-30,2026-03-30,web-service,web-workers,requests/s,9460
2026-03-31,2026-03-31,web-service,web-workers,requests/s,9060
2026-04-01,2026-04-01,web-service,web-workers,requests/s,8860
2026-04-02,2026-04-02,web-service,web-workers,requests/s,8660
2026-04-03,2026-04-03,web-service,web-workers,requests/s,8460
2026-04-04,2026-04-04,web-service,web-workers,requests/s,6460
2026-04-05,2026-04-05,web-service,web-workers,requests/s,5960
2026-04-06,2026-04-06,web-service,web-workers,requests/s,9500
2026-04-07,2026-04-07,web-service,web-workers,requests/s,9100
2026-04-08,2026-04-08,web-service,web-workers,requests/s,8900
2026-04-09,2026-04-09,web-service,web-workers,requests/s,8700
2026-04-10,2026-04-10,web-service,web-workers,requests/s,8500
2026-04-11,2026-04-11,web-service,web-workers,requests/s,6500
2026-04-12,2026-04-12,web-service,web-workers,requests/s,6000
2026-04-13,2026-04-13,web-service,web-workers,requests/s,9430
2026-04-14,2026-04-14,web-service,web-workers,requests/s,9030
2026-04-15,2026-04-15,web-service,web-workers,requests/s,8830
2026-04-16,2026-04-16,web-service,web-workers,requests/s,8630
2026-04-17,2026-04-17,web-service,web-workers,requests/s,8430
2026-04-18,2026-04-18,web-service,web-workers,requests/s,6430
2026-04-19,2026-04-19,web-service,web-workers,requests/s,5930
2026-04-20,2026-04-20,web-service,web-workers,requests/s,9570
2026-04-21,2026-04-21,web-service,web-workers,requests/s,9170
2026-04-22,2026-04-22,web-service,web-workers,requests/s,8970
2026-04-23,2026-04-23,web-service,web-workers,requests/s,8770
2026-04-24,2026-04-24,web-service,web-workers,requests/s,8570
2026-04-25,2026-04-25,web-service,web-workers,requests/s,6570
2026-04-26,2026-04-26,web-service,web-workers,requests/s,6070
2026-04-27,2026-04-27,web-service,web-workers,requests/s,9630
2026-04-28,2026-04-28,web-service,web-workers,requests/s,9230
2026-04-29,2026-04-29,web-service,web-workers,requests/s,9030
2026-04-30,2026-04-30,web-service,web-workers,requests/s,8830
2026-05-01,2026-05-01,web-service,web-workers,requests/s,8630
2026-05-02,2026-05-02,web-service,web-workers,requests/s,6630
2026-05-03,2026-05-03,web-service,web-workers,requests/s,6130
2026-05-04,2026-05-04,web-service,web-workers,requests/s,9610
2026-05-05,2026-05-05,web-service,web-workers,requests/s,9210
2026-05-06,2026-05-06,web-service,web-workers,requests/s,9010
2026-05-07,2026-05-07,web-service,web-workers,requests/s,8810
2026-05-08,2026-05-08,web-service,web-workers,requests/s,8610
2026-05-09,2026-05-09,web-service,web-workers,requests/s,6610
2026-05-10,2026-05-10,web-service,web-workers,requests/s,6110
2026-05-11,2026-05-11,web-service,web-workers,requests/s,9720
2026-05-12,2026-05-12,web-service,web-workers,requests/s,9320
2026-05-13,2026-05-13,web-service,web-workers,requests/s,9120
2026-05-14,2026-05-14,web-service,web-workers,requests/s,8920
2026-05-15,2026-05-15,web-service,web-workers,requests/s,8720
2026-05-16,2026-05-16,web-service,web-workers,requests/s,6720
2026-05-17,2026-05-17,web-service,web-workers,requests/s,6220
2026-05-18,2026-05-18,web-service,web-workers,requests/s,9800
2026-05-19,2026-05-19,web-service,web-workers,requests/s,9400
2026-05-20,2026-05-20,web-service,web-workers,requests/s,9200
2026-05-21,2026-05-21,web-service,web-workers,requests/s,9000
2026-05-22,2026-05-22,web-service,web-workers,requests/s,8800
2026-05-23,2026-05-23,web-service,web-workers,requests/s,6800
2026-05-24,2026-05-24,web-service,web-workers,requests/s,6300
2026-05-25,2026-05-25,web-service,web-workers,requests/s,9780
2026-05-26,2026-05-26,web-service,web-workers,requests/s,9380
2026-05-27,2026-05-27,web-service,web-workers,requests/s,9180
2026-05-28,2026-05-28,web-service,web-workers,requests/s,8980
2026-05-29,2026-05-29,web-service,web-workers,requests/s,8780
2026-05-30,2026-05-30,web-service,web-workers,requests/s,6780
2026-05-31,2026-05-31,web-service,web-workers,requests/s,6280
2026-06-01,2026-06-01,web-service,web-workers,requests/s,9860
2026-06-02,2026-06-02,web-service,web-workers,requests/s,9460
2026-06-03,2026-06-03,web-service,web-workers,requests/s,9260
2026-06-04,2026-06-04,web-service,web-workers,requests/s,9060
2026-06-05,2026-06-05,web-service,web-workers,requests/s,8860
2026-06-06,2026-06-06,web-service,web-workers,requests/s,6860
2026-06-07,2026-06-07,web-service,web-workers,requests/s,6360
2026-06-08,2026-06-08,web-service,web-workers,requests/s,9910
2026-06-09,2026-06-09,web-service,web-workers,requests/s,9510
2026-06-10,2026-06-10,web-service,web-workers,requests/s,9310
2026-06-11,2026-06-11,web-service,web-workers,requests/s,9110
2026-06-12,2026-06-12,web-service,web-workers,requests/s,8910
2026-06-13,2026-06-13,web-service,web-workers,requests/s,6910
2026-06-14,2026-06-14,web-service,web-workers,requests/s,6410
2026-06-15,2026-06-15,web-service,web-workers,requests/s,9940
2026-06-16,2026-06-16,web-service,web-workers,requests/s,9540
2026-06-17,2026-06-17,web-service,web-workers,requests/s,9340
2026-06-18,2026-06-18,web-service,web-workers,requests/s,9140
2026-06-19,2026-06-19,web-service,web-workers,requests/s,8940
2026-06-20,2026-06-20,web-service,web-workers,requests/s,6940
2026-06-21,2026-06-21,web-service,web-workers,requests/s,6440
2026-06-22,2026-06-22,web-service,web-workers,requests/s,10000
2026-06-23,2026-06-23,web-service,web-workers,requests/s,9600
2026-06-24,2026-06-24,web-service,web-workers,requests/s,9400
2026-06-25,2026-06-25,web-service,web-workers,requests/s,9200
2026-06-26,2026-06-26,web-service,web-workers,requests/s,9000
2026-06-27,2026-06-27,web-service,web-workers,requests/s,7000
2026-06-28,2026-06-28,web-service,web-workers,requests/s,6500
