origin,target,horizon_days,workload,pool,unit,method,estimate,evidence_dates,evidence_available_on,actual,error_actual_minus_forecast
2026-04-05,2026-04-06,1,web-service,web-workers,requests/s,seasonal_naive,9460.0,"[""2026-03-30""]","[""2026-03-30""]",9500.0,40.0
2026-04-05,2026-04-06,1,web-service,web-workers,requests/s,weekday_mean_4,9370.0,"[""2026-03-30"", ""2026-03-23"", ""2026-03-16"", ""2026-03-09""]","[""2026-03-30"", ""2026-03-23"", ""2026-03-16"", ""2026-03-09""]",9500.0,130.0
2026-04-05,2026-04-12,7,web-service,web-workers,requests/s,seasonal_naive,5960.0,"[""2026-04-05""]","[""2026-04-05""]",6000.0,40.0
2026-04-05,2026-04-12,7,web-service,web-workers,requests/s,weekday_mean_4,5870.0,"[""2026-04-05"", ""2026-03-29"", ""2026-03-22"", ""2026-03-15""]","[""2026-04-05"", ""2026-03-29"", ""2026-03-22"", ""2026-03-15""]",6000.0,130.0
2026-04-05,2026-04-13,8,web-service,web-workers,requests/s,seasonal_naive,9460.0,"[""2026-03-30""]","[""2026-03-30""]",9430.0,-30.0
2026-04-05,2026-04-13,8,web-service,web-workers,requests/s,weekday_mean_4,9370.0,"[""2026-03-30"", ""2026-03-23"", ""2026-03-16"", ""2026-03-09""]","[""2026-03-30"", ""2026-03-23"", ""2026-03-16"", ""2026-03-09""]",9430.0,60.0
2026-04-05,2026-04-19,14,web-service,web-workers,requests/s,seasonal_naive,5960.0,"[""2026-04-05""]","[""2026-04-05""]",5930.0,-30.0
2026-04-05,2026-04-19,14,web-service,web-workers,requests/s,weekday_mean_4,5870.0,"[""2026-04-05"", ""2026-03-29"", ""2026-03-22"", ""2026-03-15""]","[""2026-04-05"", ""2026-03-29"", ""2026-03-22"", ""2026-03-15""]",5930.0,60.0
2026-04-05,2026-05-17,42,web-service,web-workers,requests/s,seasonal_naive,5960.0,"[""2026-04-05""]","[""2026-04-05""]",6220.0,260.0
2026-04-05,2026-05-17,42,web-service,web-workers,requests/s,weekday_mean_4,5870.0,"[""2026-04-05"", ""2026-03-29"", ""2026-03-22"", ""2026-03-15""]","[""2026-04-05"", ""2026-03-29"", ""2026-03-22"", ""2026-03-15""]",6220.0,350.0
2026-04-12,2026-04-13,1,web-service,web-workers,requests/s,seasonal_naive,9500.0,"[""2026-04-06""]","[""2026-04-06""]",9430.0,-70.0
2026-04-12,2026-04-13,1,web-service,web-workers,requests/s,weekday_mean_4,9420.0,"[""2026-04-06"", ""2026-03-30"", ""2026-03-23"", ""2026-03-16""]","[""2026-04-06"", ""2026-03-30"", ""2026-03-23"", ""2026-03-16""]",9430.0,10.0
2026-04-12,2026-04-19,7,web-service,web-workers,requests/s,seasonal_naive,6000.0,"[""2026-04-12""]","[""2026-04-12""]",5930.0,-70.0
2026-04-12,2026-04-19,7,web-service,web-workers,requests/s,weekday_mean_4,5920.0,"[""2026-04-12"", ""2026-04-05"", ""2026-03-29"", ""2026-03-22""]","[""2026-04-12"", ""2026-04-05"", ""2026-03-29"", ""2026-03-22""]",5930.0,10.0
2026-04-12,2026-04-20,8,web-service,web-workers,requests/s,seasonal_naive,9500.0,"[""2026-04-06""]","[""2026-04-06""]",9570.0,70.0
2026-04-12,2026-04-20,8,web-service,web-workers,requests/s,weekday_mean_4,9420.0,"[""2026-04-06"", ""2026-03-30"", ""2026-03-23"", ""2026-03-16""]","[""2026-04-06"", ""2026-03-30"", ""2026-03-23"", ""2026-03-16""]",9570.0,150.0
2026-04-12,2026-04-26,14,web-service,web-workers,requests/s,seasonal_naive,6000.0,"[""2026-04-12""]","[""2026-04-12""]",6070.0,70.0
2026-04-12,2026-04-26,14,web-service,web-workers,requests/s,weekday_mean_4,5920.0,"[""2026-04-12"", ""2026-04-05"", ""2026-03-29"", ""2026-03-22""]","[""2026-04-12"", ""2026-04-05"", ""2026-03-29"", ""2026-03-22""]",6070.0,150.0
2026-04-12,2026-05-24,42,web-service,web-workers,requests/s,seasonal_naive,6000.0,"[""2026-04-12""]","[""2026-04-12""]",6300.0,300.0
2026-04-12,2026-05-24,42,web-service,web-workers,requests/s,weekday_mean_4,5920.0,"[""2026-04-12"", ""2026-04-05"", ""2026-03-29"", ""2026-03-22""]","[""2026-04-12"", ""2026-04-05"", ""2026-03-29"", ""2026-03-22""]",6300.0,380.0
2026-04-19,2026-04-20,1,web-service,web-workers,requests/s,seasonal_naive,9430.0,"[""2026-04-13""]","[""2026-04-13""]",9570.0,140.0
2026-04-19,2026-04-20,1,web-service,web-workers,requests/s,weekday_mean_4,9432.5,"[""2026-04-13"", ""2026-04-06"", ""2026-03-30"", ""2026-03-23""]","[""2026-04-13"", ""2026-04-06"", ""2026-03-30"", ""2026-03-23""]",9570.0,137.5
2026-04-19,2026-04-26,7,web-service,web-workers,requests/s,seasonal_naive,5930.0,"[""2026-04-19""]","[""2026-04-19""]",6070.0,140.0
2026-04-19,2026-04-26,7,web-service,web-workers,requests/s,weekday_mean_4,5932.5,"[""2026-04-19"", ""2026-04-12"", ""2026-04-05"", ""2026-03-29""]","[""2026-04-19"", ""2026-04-12"", ""2026-04-05"", ""2026-03-29""]",6070.0,137.5
2026-04-19,2026-04-27,8,web-service,web-workers,requests/s,seasonal_naive,9430.0,"[""2026-04-13""]","[""2026-04-13""]",9630.0,200.0
2026-04-19,2026-04-27,8,web-service,web-workers,requests/s,weekday_mean_4,9432.5,"[""2026-04-13"", ""2026-04-06"", ""2026-03-30"", ""2026-03-23""]","[""2026-04-13"", ""2026-04-06"", ""2026-03-30"", ""2026-03-23""]",9630.0,197.5
2026-04-19,2026-05-03,14,web-service,web-workers,requests/s,seasonal_naive,5930.0,"[""2026-04-19""]","[""2026-04-19""]",6130.0,200.0
2026-04-19,2026-05-03,14,web-service,web-workers,requests/s,weekday_mean_4,5932.5,"[""2026-04-19"", ""2026-04-12"", ""2026-04-05"", ""2026-03-29""]","[""2026-04-19"", ""2026-04-12"", ""2026-04-05"", ""2026-03-29""]",6130.0,197.5
2026-04-19,2026-05-31,42,web-service,web-workers,requests/s,seasonal_naive,5930.0,"[""2026-04-19""]","[""2026-04-19""]",6280.0,350.0
2026-04-19,2026-05-31,42,web-service,web-workers,requests/s,weekday_mean_4,5932.5,"[""2026-04-19"", ""2026-04-12"", ""2026-04-05"", ""2026-03-29""]","[""2026-04-19"", ""2026-04-12"", ""2026-04-05"", ""2026-03-29""]",6280.0,347.5
2026-04-26,2026-04-27,1,web-service,web-workers,requests/s,seasonal_naive,9570.0,"[""2026-04-20""]","[""2026-04-20""]",9630.0,60.0
2026-04-26,2026-04-27,1,web-service,web-workers,requests/s,weekday_mean_4,9490.0,"[""2026-04-20"", ""2026-04-13"", ""2026-04-06"", ""2026-03-30""]","[""2026-04-20"", ""2026-04-13"", ""2026-04-06"", ""2026-03-30""]",9630.0,140.0
2026-04-26,2026-05-03,7,web-service,web-workers,requests/s,seasonal_naive,6070.0,"[""2026-04-26""]","[""2026-04-26""]",6130.0,60.0
2026-04-26,2026-05-03,7,web-service,web-workers,requests/s,weekday_mean_4,5990.0,"[""2026-04-26"", ""2026-04-19"", ""2026-04-12"", ""2026-04-05""]","[""2026-04-26"", ""2026-04-19"", ""2026-04-12"", ""2026-04-05""]",6130.0,140.0
2026-04-26,2026-05-04,8,web-service,web-workers,requests/s,seasonal_naive,9570.0,"[""2026-04-20""]","[""2026-04-20""]",9610.0,40.0
2026-04-26,2026-05-04,8,web-service,web-workers,requests/s,weekday_mean_4,9490.0,"[""2026-04-20"", ""2026-04-13"", ""2026-04-06"", ""2026-03-30""]","[""2026-04-20"", ""2026-04-13"", ""2026-04-06"", ""2026-03-30""]",9610.0,120.0
2026-04-26,2026-05-10,14,web-service,web-workers,requests/s,seasonal_naive,6070.0,"[""2026-04-26""]","[""2026-04-26""]",6110.0,40.0
2026-04-26,2026-05-10,14,web-service,web-workers,requests/s,weekday_mean_4,5990.0,"[""2026-04-26"", ""2026-04-19"", ""2026-04-12"", ""2026-04-05""]","[""2026-04-26"", ""2026-04-19"", ""2026-04-12"", ""2026-04-05""]",6110.0,120.0
2026-04-26,2026-06-07,42,web-service,web-workers,requests/s,seasonal_naive,6070.0,"[""2026-04-26""]","[""2026-04-26""]",6360.0,290.0
2026-04-26,2026-06-07,42,web-service,web-workers,requests/s,weekday_mean_4,5990.0,"[""2026-04-26"", ""2026-04-19"", ""2026-04-12"", ""2026-04-05""]","[""2026-04-26"", ""2026-04-19"", ""2026-04-12"", ""2026-04-05""]",6360.0,370.0
2026-05-03,2026-05-04,1,web-service,web-workers,requests/s,seasonal_naive,9630.0,"[""2026-04-27""]","[""2026-04-27""]",9610.0,-20.0
2026-05-03,2026-05-04,1,web-service,web-workers,requests/s,weekday_mean_4,9532.5,"[""2026-04-27"", ""2026-04-20"", ""2026-04-13"", ""2026-04-06""]","[""2026-04-27"", ""2026-04-20"", ""2026-04-13"", ""2026-04-06""]",9610.0,77.5
2026-05-03,2026-05-10,7,web-service,web-workers,requests/s,seasonal_naive,6130.0,"[""2026-05-03""]","[""2026-05-03""]",6110.0,-20.0
2026-05-03,2026-05-10,7,web-service,web-workers,requests/s,weekday_mean_4,6032.5,"[""2026-05-03"", ""2026-04-26"", ""2026-04-19"", ""2026-04-12""]","[""2026-05-03"", ""2026-04-26"", ""2026-04-19"", ""2026-04-12""]",6110.0,77.5
2026-05-03,2026-05-11,8,web-service,web-workers,requests/s,seasonal_naive,9630.0,"[""2026-04-27""]","[""2026-04-27""]",9720.0,90.0
2026-05-03,2026-05-11,8,web-service,web-workers,requests/s,weekday_mean_4,9532.5,"[""2026-04-27"", ""2026-04-20"", ""2026-04-13"", ""2026-04-06""]","[""2026-04-27"", ""2026-04-20"", ""2026-04-13"", ""2026-04-06""]",9720.0,187.5
2026-05-03,2026-05-17,14,web-service,web-workers,requests/s,seasonal_naive,6130.0,"[""2026-05-03""]","[""2026-05-03""]",6220.0,90.0
2026-05-03,2026-05-17,14,web-service,web-workers,requests/s,weekday_mean_4,6032.5,"[""2026-05-03"", ""2026-04-26"", ""2026-04-19"", ""2026-04-12""]","[""2026-05-03"", ""2026-04-26"", ""2026-04-19"", ""2026-04-12""]",6220.0,187.5
2026-05-03,2026-06-14,42,web-service,web-workers,requests/s,seasonal_naive,6130.0,"[""2026-05-03""]","[""2026-05-03""]",6410.0,280.0
2026-05-03,2026-06-14,42,web-service,web-workers,requests/s,weekday_mean_4,6032.5,"[""2026-05-03"", ""2026-04-26"", ""2026-04-19"", ""2026-04-12""]","[""2026-05-03"", ""2026-04-26"", ""2026-04-19"", ""2026-04-12""]",6410.0,377.5
2026-05-10,2026-05-11,1,web-service,web-workers,requests/s,seasonal_naive,9610.0,"[""2026-05-04""]","[""2026-05-04""]",9720.0,110.0
2026-05-10,2026-05-11,1,web-service,web-workers,requests/s,weekday_mean_4,9560.0,"[""2026-05-04"", ""2026-04-27"", ""2026-04-20"", ""2026-04-13""]","[""2026-05-04"", ""2026-04-27"", ""2026-04-20"", ""2026-04-13""]",9720.0,160.0
2026-05-10,2026-05-17,7,web-service,web-workers,requests/s,seasonal_naive,6110.0,"[""2026-05-10""]","[""2026-05-10""]",6220.0,110.0
2026-05-10,2026-05-17,7,web-service,web-workers,requests/s,weekday_mean_4,6060.0,"[""2026-05-10"", ""2026-05-03"", ""2026-04-26"", ""2026-04-19""]","[""2026-05-10"", ""2026-05-03"", ""2026-04-26"", ""2026-04-19""]",6220.0,160.0
2026-05-10,2026-05-18,8,web-service,web-workers,requests/s,seasonal_naive,9610.0,"[""2026-05-04""]","[""2026-05-04""]",9800.0,190.0
2026-05-10,2026-05-18,8,web-service,web-workers,requests/s,weekday_mean_4,9560.0,"[""2026-05-04"", ""2026-04-27"", ""2026-04-20"", ""2026-04-13""]","[""2026-05-04"", ""2026-04-27"", ""2026-04-20"", ""2026-04-13""]",9800.0,240.0
2026-05-10,2026-05-24,14,web-service,web-workers,requests/s,seasonal_naive,6110.0,"[""2026-05-10""]","[""2026-05-10""]",6300.0,190.0
2026-05-10,2026-05-24,14,web-service,web-workers,requests/s,weekday_mean_4,6060.0,"[""2026-05-10"", ""2026-05-03"", ""2026-04-26"", ""2026-04-19""]","[""2026-05-10"", ""2026-05-03"", ""2026-04-26"", ""2026-04-19""]",6300.0,240.0
2026-05-10,2026-06-21,42,web-service,web-workers,requests/s,seasonal_naive,6110.0,"[""2026-05-10""]","[""2026-05-10""]",6440.0,330.0
2026-05-10,2026-06-21,42,web-service,web-workers,requests/s,weekday_mean_4,6060.0,"[""2026-05-10"", ""2026-05-03"", ""2026-04-26"", ""2026-04-19""]","[""2026-05-10"", ""2026-05-03"", ""2026-04-26"", ""2026-04-19""]",6440.0,380.0
2026-05-17,2026-05-18,1,web-service,web-workers,requests/s,seasonal_naive,9720.0,"[""2026-05-11""]","[""2026-05-11""]",9800.0,80.0
2026-05-17,2026-05-18,1,web-service,web-workers,requests/s,weekday_mean_4,9632.5,"[""2026-05-11"", ""2026-05-04"", ""2026-04-27"", ""2026-04-20""]","[""2026-05-11"", ""2026-05-04"", ""2026-04-27"", ""2026-04-20""]",9800.0,167.5
2026-05-17,2026-05-24,7,web-service,web-workers,requests/s,seasonal_naive,6220.0,"[""2026-05-17""]","[""2026-05-17""]",6300.0,80.0
2026-05-17,2026-05-24,7,web-service,web-workers,requests/s,weekday_mean_4,6132.5,"[""2026-05-17"", ""2026-05-10"", ""2026-05-03"", ""2026-04-26""]","[""2026-05-17"", ""2026-05-10"", ""2026-05-03"", ""2026-04-26""]",6300.0,167.5
2026-05-17,2026-05-25,8,web-service,web-workers,requests/s,seasonal_naive,9720.0,"[""2026-05-11""]","[""2026-05-11""]",9780.0,60.0
2026-05-17,2026-05-25,8,web-service,web-workers,requests/s,weekday_mean_4,9632.5,"[""2026-05-11"", ""2026-05-04"", ""2026-04-27"", ""2026-04-20""]","[""2026-05-11"", ""2026-05-04"", ""2026-04-27"", ""2026-04-20""]",9780.0,147.5
2026-05-17,2026-05-31,14,web-service,web-workers,requests/s,seasonal_naive,6220.0,"[""2026-05-17""]","[""2026-05-17""]",6280.0,60.0
2026-05-17,2026-05-31,14,web-service,web-workers,requests/s,weekday_mean_4,6132.5,"[""2026-05-17"", ""2026-05-10"", ""2026-05-03"", ""2026-04-26""]","[""2026-05-17"", ""2026-05-10"", ""2026-05-03"", ""2026-04-26""]",6280.0,147.5
2026-05-17,2026-06-28,42,web-service,web-workers,requests/s,seasonal_naive,6220.0,"[""2026-05-17""]","[""2026-05-17""]",6500.0,280.0
2026-05-17,2026-06-28,42,web-service,web-workers,requests/s,weekday_mean_4,6132.5,"[""2026-05-17"", ""2026-05-10"", ""2026-05-03"", ""2026-04-26""]","[""2026-05-17"", ""2026-05-10"", ""2026-05-03"", ""2026-04-26""]",6500.0,367.5
2026-05-24,2026-05-25,1,web-service,web-workers,requests/s,seasonal_naive,9800.0,"[""2026-05-18""]","[""2026-05-18""]",9780.0,-20.0
2026-05-24,2026-05-25,1,web-service,web-workers,requests/s,weekday_mean_4,9690.0,"[""2026-05-18"", ""2026-05-11"", ""2026-05-04"", ""2026-04-27""]","[""2026-05-18"", ""2026-05-11"", ""2026-05-04"", ""2026-04-27""]",9780.0,90.0
2026-05-24,2026-05-31,7,web-service,web-workers,requests/s,seasonal_naive,6300.0,"[""2026-05-24""]","[""2026-05-24""]",6280.0,-20.0
2026-05-24,2026-05-31,7,web-service,web-workers,requests/s,weekday_mean_4,6190.0,"[""2026-05-24"", ""2026-05-17"", ""2026-05-10"", ""2026-05-03""]","[""2026-05-24"", ""2026-05-17"", ""2026-05-10"", ""2026-05-03""]",6280.0,90.0
2026-05-24,2026-06-01,8,web-service,web-workers,requests/s,seasonal_naive,9800.0,"[""2026-05-18""]","[""2026-05-18""]",9860.0,60.0
2026-05-24,2026-06-01,8,web-service,web-workers,requests/s,weekday_mean_4,9690.0,"[""2026-05-18"", ""2026-05-11"", ""2026-05-04"", ""2026-04-27""]","[""2026-05-18"", ""2026-05-11"", ""2026-05-04"", ""2026-04-27""]",9860.0,170.0
2026-05-24,2026-06-07,14,web-service,web-workers,requests/s,seasonal_naive,6300.0,"[""2026-05-24""]","[""2026-05-24""]",6360.0,60.0
2026-05-24,2026-06-07,14,web-service,web-workers,requests/s,weekday_mean_4,6190.0,"[""2026-05-24"", ""2026-05-17"", ""2026-05-10"", ""2026-05-03""]","[""2026-05-24"", ""2026-05-17"", ""2026-05-10"", ""2026-05-03""]",6360.0,170.0
2026-05-31,2026-06-01,1,web-service,web-workers,requests/s,seasonal_naive,9780.0,"[""2026-05-25""]","[""2026-05-25""]",9860.0,80.0
2026-05-31,2026-06-01,1,web-service,web-workers,requests/s,weekday_mean_4,9727.5,"[""2026-05-25"", ""2026-05-18"", ""2026-05-11"", ""2026-05-04""]","[""2026-05-25"", ""2026-05-18"", ""2026-05-11"", ""2026-05-04""]",9860.0,132.5
2026-05-31,2026-06-07,7,web-service,web-workers,requests/s,seasonal_naive,6280.0,"[""2026-05-31""]","[""2026-05-31""]",6360.0,80.0
2026-05-31,2026-06-07,7,web-service,web-workers,requests/s,weekday_mean_4,6227.5,"[""2026-05-31"", ""2026-05-24"", ""2026-05-17"", ""2026-05-10""]","[""2026-05-31"", ""2026-05-24"", ""2026-05-17"", ""2026-05-10""]",6360.0,132.5
2026-05-31,2026-06-08,8,web-service,web-workers,requests/s,seasonal_naive,9780.0,"[""2026-05-25""]","[""2026-05-25""]",9910.0,130.0
2026-05-31,2026-06-08,8,web-service,web-workers,requests/s,weekday_mean_4,9727.5,"[""2026-05-25"", ""2026-05-18"", ""2026-05-11"", ""2026-05-04""]","[""2026-05-25"", ""2026-05-18"", ""2026-05-11"", ""2026-05-04""]",9910.0,182.5
2026-05-31,2026-06-14,14,web-service,web-workers,requests/s,seasonal_naive,6280.0,"[""2026-05-31""]","[""2026-05-31""]",6410.0,130.0
2026-05-31,2026-06-14,14,web-service,web-workers,requests/s,weekday_mean_4,6227.5,"[""2026-05-31"", ""2026-05-24"", ""2026-05-17"", ""2026-05-10""]","[""2026-05-31"", ""2026-05-24"", ""2026-05-17"", ""2026-05-10""]",6410.0,182.5
2026-06-07,2026-06-08,1,web-service,web-workers,requests/s,seasonal_naive,9860.0,"[""2026-06-01""]","[""2026-06-01""]",9910.0,50.0
2026-06-07,2026-06-08,1,web-service,web-workers,requests/s,weekday_mean_4,9790.0,"[""2026-06-01"", ""2026-05-25"", ""2026-05-18"", ""2026-05-11""]","[""2026-06-01"", ""2026-05-25"", ""2026-05-18"", ""2026-05-11""]",9910.0,120.0
2026-06-07,2026-06-14,7,web-service,web-workers,requests/s,seasonal_naive,6360.0,"[""2026-06-07""]","[""2026-06-07""]",6410.0,50.0
2026-06-07,2026-06-14,7,web-service,web-workers,requests/s,weekday_mean_4,6290.0,"[""2026-06-07"", ""2026-05-31"", ""2026-05-24"", ""2026-05-17""]","[""2026-06-07"", ""2026-05-31"", ""2026-05-24"", ""2026-05-17""]",6410.0,120.0
2026-06-07,2026-06-15,8,web-service,web-workers,requests/s,seasonal_naive,9860.0,"[""2026-06-01""]","[""2026-06-01""]",9940.0,80.0
2026-06-07,2026-06-15,8,web-service,web-workers,requests/s,weekday_mean_4,9790.0,"[""2026-06-01"", ""2026-05-25"", ""2026-05-18"", ""2026-05-11""]","[""2026-06-01"", ""2026-05-25"", ""2026-05-18"", ""2026-05-11""]",9940.0,150.0
2026-06-07,2026-06-21,14,web-service,web-workers,requests/s,seasonal_naive,6360.0,"[""2026-06-07""]","[""2026-06-07""]",6440.0,80.0
2026-06-07,2026-06-21,14,web-service,web-workers,requests/s,weekday_mean_4,6290.0,"[""2026-06-07"", ""2026-05-31"", ""2026-05-24"", ""2026-05-17""]","[""2026-06-07"", ""2026-05-31"", ""2026-05-24"", ""2026-05-17""]",6440.0,150.0
2026-06-14,2026-06-15,1,web-service,web-workers,requests/s,seasonal_naive,9910.0,"[""2026-06-08""]","[""2026-06-08""]",9940.0,30.0
2026-06-14,2026-06-15,1,web-service,web-workers,requests/s,weekday_mean_4,9837.5,"[""2026-06-08"", ""2026-06-01"", ""2026-05-25"", ""2026-05-18""]","[""2026-06-08"", ""2026-06-01"", ""2026-05-25"", ""2026-05-18""]",9940.0,102.5
2026-06-14,2026-06-21,7,web-service,web-workers,requests/s,seasonal_naive,6410.0,"[""2026-06-14""]","[""2026-06-14""]",6440.0,30.0
2026-06-14,2026-06-21,7,web-service,web-workers,requests/s,weekday_mean_4,6337.5,"[""2026-06-14"", ""2026-06-07"", ""2026-05-31"", ""2026-05-24""]","[""2026-06-14"", ""2026-06-07"", ""2026-05-31"", ""2026-05-24""]",6440.0,102.5
2026-06-14,2026-06-22,8,web-service,web-workers,requests/s,seasonal_naive,9910.0,"[""2026-06-08""]","[""2026-06-08""]",10000.0,90.0
2026-06-14,2026-06-22,8,web-service,web-workers,requests/s,weekday_mean_4,9837.5,"[""2026-06-08"", ""2026-06-01"", ""2026-05-25"", ""2026-05-18""]","[""2026-06-08"", ""2026-06-01"", ""2026-05-25"", ""2026-05-18""]",10000.0,162.5
2026-06-14,2026-06-28,14,web-service,web-workers,requests/s,seasonal_naive,6410.0,"[""2026-06-14""]","[""2026-06-14""]",6500.0,90.0
2026-06-14,2026-06-28,14,web-service,web-workers,requests/s,weekday_mean_4,6337.5,"[""2026-06-14"", ""2026-06-07"", ""2026-05-31"", ""2026-05-24""]","[""2026-06-14"", ""2026-06-07"", ""2026-05-31"", ""2026-05-24""]",6500.0,162.5
2026-06-21,2026-06-22,1,web-service,web-workers,requests/s,seasonal_naive,9940.0,"[""2026-06-15""]","[""2026-06-15""]",10000.0,60.0
2026-06-21,2026-06-22,1,web-service,web-workers,requests/s,weekday_mean_4,9872.5,"[""2026-06-15"", ""2026-06-08"", ""2026-06-01"", ""2026-05-25""]","[""2026-06-15"", ""2026-06-08"", ""2026-06-01"", ""2026-05-25""]",10000.0,127.5
2026-06-21,2026-06-28,7,web-service,web-workers,requests/s,seasonal_naive,6440.0,"[""2026-06-21""]","[""2026-06-21""]",6500.0,60.0
2026-06-21,2026-06-28,7,web-service,web-workers,requests/s,weekday_mean_4,6372.5,"[""2026-06-21"", ""2026-06-14"", ""2026-06-07"", ""2026-05-31""]","[""2026-06-21"", ""2026-06-14"", ""2026-06-07"", ""2026-05-31""]",6500.0,127.5
