origin,target,horizon_days,workload,pool,unit,method,estimate,evidence_dates,evidence_available_on
2026-06-28,2026-06-29,1,web-service,web-workers,requests/s,seasonal_naive,10000.0,"[""2026-06-22""]","[""2026-06-22""]"
2026-06-28,2026-06-29,1,web-service,web-workers,requests/s,weekday_mean_4,9927.5,"[""2026-06-22"", ""2026-06-15"", ""2026-06-08"", ""2026-06-01""]","[""2026-06-22"", ""2026-06-15"", ""2026-06-08"", ""2026-06-01""]"
2026-06-28,2026-06-30,2,web-service,web-workers,requests/s,seasonal_naive,9600.0,"[""2026-06-23""]","[""2026-06-23""]"
2026-06-28,2026-06-30,2,web-service,web-workers,requests/s,weekday_mean_4,9527.5,"[""2026-06-23"", ""2026-06-16"", ""2026-06-09"", ""2026-06-02""]","[""2026-06-23"", ""2026-06-16"", ""2026-06-09"", ""2026-06-02""]"
2026-06-28,2026-07-01,3,web-service,web-workers,requests/s,seasonal_naive,9400.0,"[""2026-06-24""]","[""2026-06-24""]"
2026-06-28,2026-07-01,3,web-service,web-workers,requests/s,weekday_mean_4,9327.5,"[""2026-06-24"", ""2026-06-17"", ""2026-06-10"", ""2026-06-03""]","[""2026-06-24"", ""2026-06-17"", ""2026-06-10"", ""2026-06-03""]"
2026-06-28,2026-07-02,4,web-service,web-workers,requests/s,seasonal_naive,9200.0,"[""2026-06-25""]","[""2026-06-25""]"
2026-06-28,2026-07-02,4,web-service,web-workers,requests/s,weekday_mean_4,9127.5,"[""2026-06-25"", ""2026-06-18"", ""2026-06-11"", ""2026-06-04""]","[""2026-06-25"", ""2026-06-18"", ""2026-06-11"", ""2026-06-04""]"
2026-06-28,2026-07-03,5,web-service,web-workers,requests/s,seasonal_naive,9000.0,"[""2026-06-26""]","[""2026-06-26""]"
2026-06-28,2026-07-03,5,web-service,web-workers,requests/s,weekday_mean_4,8927.5,"[""2026-06-26"", ""2026-06-19"", ""2026-06-12"", ""2026-06-05""]","[""2026-06-26"", ""2026-06-19"", ""2026-06-12"", ""2026-06-05""]"
2026-06-28,2026-07-04,6,web-service,web-workers,requests/s,seasonal_naive,7000.0,"[""2026-06-27""]","[""2026-06-27""]"
2026-06-28,2026-07-04,6,web-service,web-workers,requests/s,weekday_mean_4,6927.5,"[""2026-06-27"", ""2026-06-20"", ""2026-06-13"", ""2026-06-06""]","[""2026-06-27"", ""2026-06-20"", ""2026-06-13"", ""2026-06-06""]"
2026-06-28,2026-07-05,7,web-service,web-workers,requests/s,seasonal_naive,6500.0,"[""2026-06-28""]","[""2026-06-28""]"
2026-06-28,2026-07-05,7,web-service,web-workers,requests/s,weekday_mean_4,6427.5,"[""2026-06-28"", ""2026-06-21"", ""2026-06-14"", ""2026-06-07""]","[""2026-06-28"", ""2026-06-21"", ""2026-06-14"", ""2026-06-07""]"
2026-06-28,2026-07-06,8,web-service,web-workers,requests/s,seasonal_naive,10000.0,"[""2026-06-22""]","[""2026-06-22""]"
2026-06-28,2026-07-06,8,web-service,web-workers,requests/s,weekday_mean_4,9927.5,"[""2026-06-22"", ""2026-06-15"", ""2026-06-08"", ""2026-06-01""]","[""2026-06-22"", ""2026-06-15"", ""2026-06-08"", ""2026-06-01""]"
2026-06-28,2026-07-07,9,web-service,web-workers,requests/s,seasonal_naive,9600.0,"[""2026-06-23""]","[""2026-06-23""]"
2026-06-28,2026-07-07,9,web-service,web-workers,requests/s,weekday_mean_4,9527.5,"[""2026-06-23"", ""2026-06-16"", ""2026-06-09"", ""2026-06-02""]","[""2026-06-23"", ""2026-06-16"", ""2026-06-09"", ""2026-06-02""]"
2026-06-28,2026-07-08,10,web-service,web-workers,requests/s,seasonal_naive,9400.0,"[""2026-06-24""]","[""2026-06-24""]"
2026-06-28,2026-07-08,10,web-service,web-workers,requests/s,weekday_mean_4,9327.5,"[""2026-06-24"", ""2026-06-17"", ""2026-06-10"", ""2026-06-03""]","[""2026-06-24"", ""2026-06-17"", ""2026-06-10"", ""2026-06-03""]"
2026-06-28,2026-07-09,11,web-service,web-workers,requests/s,seasonal_naive,9200.0,"[""2026-06-25""]","[""2026-06-25""]"
2026-06-28,2026-07-09,11,web-service,web-workers,requests/s,weekday_mean_4,9127.5,"[""2026-06-25"", ""2026-06-18"", ""2026-06-11"", ""2026-06-04""]","[""2026-06-25"", ""2026-06-18"", ""2026-06-11"", ""2026-06-04""]"
2026-06-28,2026-07-10,12,web-service,web-workers,requests/s,seasonal_naive,9000.0,"[""2026-06-26""]","[""2026-06-26""]"
2026-06-28,2026-07-10,12,web-service,web-workers,requests/s,weekday_mean_4,8927.5,"[""2026-06-26"", ""2026-06-19"", ""2026-06-12"", ""2026-06-05""]","[""2026-06-26"", ""2026-06-19"", ""2026-06-12"", ""2026-06-05""]"
2026-06-28,2026-07-11,13,web-service,web-workers,requests/s,seasonal_naive,7000.0,"[""2026-06-27""]","[""2026-06-27""]"
2026-06-28,2026-07-11,13,web-service,web-workers,requests/s,weekday_mean_4,6927.5,"[""2026-06-27"", ""2026-06-20"", ""2026-06-13"", ""2026-06-06""]","[""2026-06-27"", ""2026-06-20"", ""2026-06-13"", ""2026-06-06""]"
2026-06-28,2026-07-12,14,web-service,web-workers,requests/s,seasonal_naive,6500.0,"[""2026-06-28""]","[""2026-06-28""]"
2026-06-28,2026-07-12,14,web-service,web-workers,requests/s,weekday_mean_4,6427.5,"[""2026-06-28"", ""2026-06-21"", ""2026-06-14"", ""2026-06-07""]","[""2026-06-28"", ""2026-06-21"", ""2026-06-14"", ""2026-06-07""]"
